Name, Email, Fax Number, Phone Number, Website, Address
"A & A Klassische Yachten", "info@baben.de", "", "+49/0172-4006543", "", "Haidrath 3
21521 Wohltorf
"
"A. Riedl Yachthandel", "office@bhoote-riedl.at", "", "+43/676-5858584", "http://www.boote-riedl.at/", "Wiegelegasse 15 (Südring)
9020 Klagenfurt
"
"Abayachting", "info@abayachting.com", "", "0039/011-19854240", "", "Viale Gramsci 16
10093 Collegno
"
"Abbruch Büchert GmbH", "m.buechert@abbruchbuechert.de", "+49/381-3753590", "+49/381-3753550", "", "m.buechert@abbruchbuechert.de
18146 Rostock
"
"ABC Austria Boote Center", "m.ihmels19@boot24.com", "", "+43/6602-013130", "", "Alte Poststraße 306
8053 Graz
"
"ABS Marine Sales", "sales@amoyachts.com", "", "+34/00-650801839", "", "Local 106, Marina Botafoch
07800 Ibiza
"
"ACTIV Yachts", "s.bauch@activyachts.com", "", "+49/176-55407447", "", "Zeglarska 2
83 02 Cedry Wielkie
"
"Admirał Dystrybucja", "patrycja.sz@admiralpowerboats.com", "", "+48/0-570712495", "", "Czatkowska 2a
83-11 Tczew
"
"aGusto Boote", "shop@agusto-boote.de", "", "03834/8857097", "", "Wampener Str. 20
17498 Neuenkirchen
"
"Akman", "enginakman@tutanota.com", "", "00905550598938", "", "1620/2 Sok. No 77 a
35410 Izmir
"
"ALC-Yachting GmbH / www.yachthandel24.de", "info@yachthandel2d.de", "+49/4642-921563", "+49/4642-965959", "", "Am Hafen 23
24376 Kappeln
"
"Alfastreet d.o.o.", "marketing@alfastreet.si", "+386/5-7072100", "+386/5-7072100", "", "Partizanska cesta 129
6210 Sezana
"
"ALUBOATS.PL", "alu@aluboats.pl", "", "+48 601 706 452", "", "J.K.Kluka 44
71-49 Szczecin
"
"amperetta GmbH", "research@amperetta.com", "+49/0331-28838358", "+49/0331-28838350", "", "Berliner Str. 44
14467 Potsdam
"
"Amsterdam Nautic International Yachtbrokers", "info@amsterdamnautic.nl", "", "+31/0-655134356", "", "Werfkade, 6
1033 Amsterdam
"
"AMY-AGENTUR für MOTORBOOTE und YACHTEN-Uwe Brumund", "info@amy-brumund.de", "032.128.219.598", "+49/(0)4921-9995944", "http://amy-brumund.de/", "III. Hafeneinschnitt 4a
26723 Emden
"
"André Dannenberg -Ihr Bootsmakler-", "info@dannenberg-boating.de", "", "0174 6582148", "", "Holunderweg 2
21762 Otterndorf
"
"Anhängercenter-SAVEL", "office@anhaengercenter-savel.at", "", "+43/699-11383626", "http://www.anhaengercenter-savel.at/", "Wienerstraße 83
2325 Himberg
"
"Anna Blume Bootcharter", "mail@anna-blume-charter.de", "", "+49 160-905 11 720", "http://www.anna-blume-charter.de/de/gebrauchtboot/flaggschiff/flaggschiff.htm", "Görlitzer Ufer 1
10997 Berlin
"
"anra prorent bvba", "blackton.luc@gmail.com", "", "+32/0-475653426", "", "slijkstraat 10
2520 ranst
"
"aquaparx europe b.v.", "gerard@aquaparx.eu", "", "+31/316-253524", "", "edisonstraat 84
6902p zevenaar
"
"AS NACIONAL Consulting d.o.o.", "info@jaanit.com", "", "00386-41-457-368", "", "Dragočajna 27
1216 Smlednik
"
"ASB PALKA Wioletta Palka", "w.palka@asbpalka.pl", "+48/-504254045", "+48/32-2991137", "", "Rzemieślnicza 14
41-40 Mysłowice
"
"Atlantic Marine Germany", "tp@atlanticmarine.de", "", "+49/385-612141", "", "Rudolf-Diesel-Str. 2
19061 Schwerin
"
"Auto & Boot GmbH Fürstenberg", "auto-hoot.fuerstenberg@t-online.de", "+49/033093-36616", "+49/033093-39236", "", "Steinförderstraße 1
16798 Fürstenberg
"
"Auto von Allmen", "info@autovonallmen.ch", "", "+41/79-6850448", "", "Via alle Brere 3
6598 Tenero
"
"avc exclusive Yachting", "avcmarineinfo@aol.com", "", "0049 1753844805", "", "Jachthafen 9
23743 Grömitz
"
"Aventura point s.r.o.", "ppettke@gmail.com", "", "+420/--723 718 004", "", "Záběhlická 1658/48a
106-0 Praha
"
"Axel Weigold Handelsvertretung", "weigold.axel@gmx.de", "", "+49/(0)1736616270", "", "Max-von-Seubert-Straße 30
68259 Mannheim
"
"az-yachting", "info@az-yachting.de", "", "+49/3327-5699110", "", "Glindowsee
14542 Werder
"
"Baia Boat Service", "info@baiaboatservice.it", "+39/0365-21001", "+39/0365-21918", "", "Corso Zanardelli, 162
I-250 Gardone Riviera (Bs)
"
"Baltic Yachtpoint GmbH", "info@baltic-yachtpoint.de", "+49/0381-20373884", "+49/0381-20373883", "", "Am Strande 2
18055 Rostock
"
"BARCHE BELLANDI S.R.L.", "vendite@nauticabellandi.com", "+39/030-09911988", "+39/030-9120364", "", "Via Catullo 12
25017 Lonato del Garda
"
"Barchelettriche Srl", "info@barchelettriche.com", "", "+393357623889", "", "Porto Turistico box n. 15
16043 Chiavari
"
"Bargen Boote (Viktor Bargen)", "info@bargen-boote.de", "+49/05221-1021720", "+49/0172-7525031", "", "Meerbrede 9
32107 Bad Salzuflen
"
"BARTBOATS sp. z o.o.", "bartboats@gmail.com", "", "+48/506180600", "", "Gdańska 37
89-60 Chojnice
"
"bcm-yachtsales gmbH", "info@bcm-yachtsales.de", "", "+49/(0)251-39469239", "", "Wersegrund 13
48157 Münster
"
"Bartels-Automobile Gmbh & Co. KG", "gasaschwili@bartels-automobile.de", "051359253218", "051359253222", "", "Mellendorfer Str. 33
30938 Burgwedel
"
"Bernard Gallay Yacht Brokerage", "info@bernard-gallay.com", "+33/467-66 34 67", "+33/467-66 39 93", "", "1 rue Barthez
34000 Montpellier
"
"Best Agenzia Nautica di Lucia Meneghin & C. sas", "info@bestnautica.it", "", "+39/0431-53700", "", "Piazzetta dell'Imbarcadero 20/A
33053 Latisana
"
"Beautifulboats", "Stefan.Naust@heautifulboats.eu", "", "+491712398736", "http://www.beautifulboats.eu/", "Potthoffstrasse 10a
58332 Schwelm
"
"BestBoats International Yachtbrokers", "info@bhesthoats.nl", "", "+31/475-743705", "", "Maashaven 4
6041 Roermond
"
"Beekhuis Yachtbrokers", "info@beekhuisyachtbrokers.com", "", "+31/(0)6-19730566", "", "Meidoornlaan 8
7875 Exloo
"
"BjörnBoote, Ingo Koffmann", "ingokoffmann@gm:.de", "+49/03303-541771", "+49/03303-541758", "", "Berliner Str.1
16540 Hohen Neuendorf
"
"Black Forest Boats", "sven_moschberger@ueb.de", "", "+49/7444-2201", "", "Fluorner Str. 48
72275 Alpirsbach
"
"Blu Yachting", "info@blu-yachting.com", "", "+39/348-56 822 62", "", "Piazzetta dell Imbarcadero 51/L
I - 3 Aprilia Marittima (UD)
"
"BHZ Starter sp. z o.o.", "witoldpawlowski@interia.pl", "", "+48/58-3047566", "", "II Brygady 162
80-18 Gdańsk
"
"BlueCraft GmbH", "info@bluecraft.de", "+49/0281-98 53 204", "+49/0281-98 54 720", "", "Rudolf Diesel Straße 46
46485 Wesel
"
"Blohm GbR", "a.blohm@automeister-blohm.de", "+49/3981-445636", "+49/3981-445658", "", "Kranichstr. 21
17235 Neustrelitz
"
"Blue Sailing GmbH", "Nils.schuerg@hluesailing-bremen.de", "+49 (0) 0171- 277425", "+49 (0) 421- 34 660 ", "", "Ferdinand-Porsche-Str. 13
28237 Bremen
"
"BM YACHTING oHG", "info@bm-yachting.de", "+49/461-8079401", "+49/461-8079400", "", "Am Industriehafen 2
24937 Flensburg
"
"boat lounge", "info@boat-lounge.com", "+49/030-3450699610", "+49/030-345069960", "http://www.boat-lounge.com/riva-boote-verkauf/", "Wiebestraße 36 - 37
10553 Berlin
"
"Boats Baltica", "p.pinno@boatshaltica.com", "", "+49/+49-(0)176 435 2", "", "ul. Kolumba 8
70-03 Stettin
"
"Boatme", "biuro@boatme.pl", "", "+48506389268", "http://www.boatme.pl/", "Księcia Witolda
50-21 Wrocław
"
"bodenseenautic busse gmbh", "dorn@bodenseenautic.de", "", "+49/07533-8030997", "", "Hegnerstr. 10
78465 Konstanz-Dettingen
"
"Boats&Barcos Mediterraneos", "toby@boats-barcos.com", "", "+34/00-966444111", "", "C/Travesia Jose Huertas Morion N2
03181 Torrevieja
"
"BootCenter Konstanz GmbH & Co. KG", "info@bootcenter.com", "+49/0-7531-893322", "+49/0-7531-89330", "http://www.boatshop24.com/", "Reichenaustr. 45
78467 Konstanz
"
"Boote Pfister GmbH", "info@bootepfister.de", "+49(0)9723 9371 21", "+49(0)9723 9371  0", "", "Wahlweg 6
97525 Schwebheim / Schweinfurt
"
"Boote Koch", "info@hoote-koch.de", "", "+49/163-3343088", "", "Solmstraße 24
44359 Dortmund
"
"Boote und Zubehör Bert Spiegel", "info@boote-spiegel.de", "", "039600 29648", "", "Markower Str. 5
17153 Ivenack
"
"Boote Polch KG", "info@hootepolch.de", "+49/0 65 41-2930", "+49/0 65 41-2010", "", "Zum Hafen 18
56841 Traben-Trarbach
"
"Boote Weidenauer", "info@boote-weidenauer.de", "", "+49/6206-57 094", "", "Hafenstrasse 1
68623 Lampertheim
"
"Boote-Gauert", "m.ihmels35@boot24.com", "", "", "", "

"
"Boote Yachten Marina Saal GmbH", "info@marinasaal.de", "+49/9441-688666", "+49/9441-688660", "", "Hafenstr. 39
93342 Saal/Donau
"
"Bootsbau Markus Hamma", "kontakt@bootshau-hamma.de", "+49/07543-50794", "+49/07543-50794", "", "Argenstrasse 76
88079 Kressbronn
"
"Bootezentrum Nürnberg Fürth", "info@bootezentrum.de", "+49/911-8013518", "+49/911-8013517", "", "Melli Beese Str. 14
90768 Fürth
"
"Bootscenter Keser GmbH", "bootscenter-keser@t-online.de", "", "+49/030-3620800", "", "Heerstr. 199
13595 Berlin
"
"Bootscenter Kiel GmbH", "info@bootscenter-kiel.de", "+49/431-705 50 72", "+49/431-705 50 31", "", "Haßberg 6
24113 Kiel
"
"Bootscenter Müritz e.K.", "verkauf@bootscenter-mueritz.de", "+49/039931-159515", "+49/039931-15950", "", "Plauerstrasse 5
17207 Röbel/Müritz
"
"Bootshaus Kern", "info@k-e-r-n.de", "", "+7/06206-156492", "", "an der Wormser Str. 42a
68623 Lampertheim
"
"Bootskontor Uhlig", "die-bootshalle@gmx.de", "0179-321 25 11", "0151-11 11 10 10", "", "Dorfstr. 53
16816 Nietwerder
"
"Bootsservice Enk GmbH", "info@bootsservice-enk.de", "+7/02672-1576", "+7/02672-2431", "", "Am Laach 10
56253 Treis-Karden
"
"Bootsscheune Berlin", "megalodonboats@aol.com", "+49/03301-7070146", "+49/03301-7070145", "", "Germendorfer Dorfstraße 48
16515 Oranienburg OT. Germendorf
"
"Bootsservice Menken", "menken.m@arcor.de", "+49/821-2993718", "+49/821-2990310", "", "Werner von Braun Straße 10
86368 Gersthofen
"
"BootsService und BootsAgentur Thomas Goetzke", "thomas@yachthafen-goetzke.de", "", "+49/08157-924370", "", "Am See 2
82343 Pöcking-Possenhofen
"
"BrauckmannBoote GmbH", "info@BrauckmannBoote.de", "+49/03381-89 06 62", "+49/03381-89 06 60", "", "Grosse Mühlenstr. 10
14774 Brandenburg-Plaue
"
"Bootswerft Krieg GmbH & Co. KG", "bootswerft.krieg@t-online.de", "", "078447410", "", "Jachtstr. 1
77866 Rheinau
"
"BTH Homes", "biuro@bthhomes.pl", "", "+48/509749338-+48509", "", "Klonowica 11a/36
71-24 Szczecin
"
"Brehm&Presch Marina GbR", "ap@marina-alter-hafen.de", "", "+49/0331-870 966 26", "", "Gutenbergstr. 65
14467 Potsdam
"
"CBC Cityboats GmbH", "info@cityboats.de", "+49/040-81995869", "+49/040-81995860", "", "Heinrich Herz Str. 8-10
22941 Bargteheide
"
"Canary Yacht Brokers", "carlos@canaryachtbrokers.com", "", "+34/666-072 400", "", "Playa Bastian, Avenida del Mar 28
35508 Costa Teguise
"
"CENTRO NAUTICO LIGNANO SRL", "vendite@centronauticolignano.com", "", "+39/0431-53363", "", "Via Lignano Sabbiadoro, 156
33050 Lignano Sabbiadoro (UD)
"
"centrum motorowodne coral yacht jaroslaw brdek", "coralyacht@up.pl", "", "+48/-505074547", "", "torunska 5
63-40 ostrow wlkp
"
"Check Handels GmbH", "info@check-group.at", "", "+43/660-7788998", "", "Wirtschaftspark
9130 Poggersdorf
"
"COBRA YACHTS SP. Z O.O.", "info@cobrayachts.com", "", "+48/733-550 980", "", "Stolarzy 6
97-50 Radomsko
"
"correct-motors", "info@correct-motors.de", "+49/033363-46089", "+49/033363-46666", "", "Altenhofer Dorfstr. 18
16244 Schorfheide / OT Altenhof
"
"Clarke & Carter Interyacht Ltd", "m.ihmels@boot24.com", "", "+44/(0) 1473-659681", "", "Suffolk Yacht Harbour
IP10 Levington/Ipswich
"
"Cramer Boote", "crew@cramer-boote.de", "+49/04421-44530", "+49/04421-43415", "", "Südstrand 3-4
26382 Wilhelmshaven
"
"Columbus Yachting Srl", "columbus@infcom.it", "", "+39/0915-84238", "", "Piazza Acquasanta 2
90142 Palermo
"
"Croatia Yachting d.o.o.", "sales@croatia-yachting.hr", "", "+385/21-332348", "", "Dražanac 2/a
21000 Split
"
"De Vaart Yachting", "info@devaartyachting.com", "", "+31/320-212341", "", "Bolderweg 51
8243 Lelystad
"
"DD-Yachting", "info@dd-yachting.de", "+49/2381-42 65 010", "+49/2381-42 65 001", "", "Goldsternstr. 28
59073 Hamm
"
"De Valk Amsterdam B.V.", "international@devalk.nl", "+31 (0)35 5829016", "+31 (0)35 5829014", "", "`t Breukeleveense Meentje 6
1231 Loosdrecht
"
"De Valk Barcelona", "barcelona@devalk.nl", "", "+34/93-2202825", "", "Vilanova Grand Marina, local B-2
08800 Vilanova i la Geltru
"
"De Valk Barcelona/Gerona", "barger@devalk.nl", "", "+34/691-923235", "", "MOLL DE PONENT S/N (PORT)
08304 Mataró
"
"De Valk Corfu", "corfu@devalk.nl", "", "+30/266-1118095", "", "Marina Gouvia
490 8 Corfu
"
"De Valk Costa Blanca", "costablanca@devalk.nl", "", "+34/96-5021569", "", "Paseo Maritimo 44
03700 Denia
"
"De Valk Dalmatia", "dalmatia@devalk.nl", "", "+385/95-528202", "", "Mandalina Marina
22000 Sibenik
"
"De Valk Costa del Sol", "costadelsol@devalk.nl", "", "+34/95-1120059", "", "Puerto Banus
29660 Marbella
"
"De Valk Hindeloopen B.V.", "hindeloopen@devalk.nl", "+31(0)514 524 009", "+31(0)514 524 000", "http://www.devalk.nl/", "Oosterstrand 1
8713 Hindeloopen
"
"De Valk Portugal S.R.L.", "portugal@devalk.nl", "", "+351/308-812321", "", "Marina de Lagos, Loja 18/19
8600- Lagos
"
"De Valk Sneek B.V.", "sneek@devalk.nl", "+31(0)515 428 039", "+31(0)515 428 030", "http://www.devalk.nl/", "Zwolsmanweg 7
5606 Sneek
"
"De Valk Yachts France SARL", "antibes@devalk.nl", "+33/492-910301", "+33/492-910202", "", "2, Avenue de Verdun
06600 Antibes
"
"De Valk Yachts Palma S.L.", "palma@devalk.nl", "+34/971-402760", "+34/971-402911", "", "Paseo Maritimo 44
07015 Palma de Mallorca
"
"De Valk Zeeland B.V.", "sintannaland@devalk.nl", "+31 (0)166 654 267", "+31 (0)166 601 000", "http://www.devalk.nl/", "Koelhuisweg 4
4697 Sint Annaland
"
"DEDIMARINE", "dedimarine@dedimarine.pl", "", "+48/50 8710 603", "", "Szparagowa 25
62081 Wysogotowo
"
"Delta Yacht", "arjan@deltayacht.com", "+31(0)113 69 57 69", "+31(0)113 69 57 76", "http://www.deltayacht.com/", "Jachthavenweg 5
4486 Colijnspaat
"
"DIAMOND Yachts GmbH", "info@diamond-yachts.de", "", "+49/04343-42270", "", "Börn 17
24235 Laboe
"
"De Valk Loosdrecht B.V.", "loosdrecht@devalk.nl", "+31 35 5829019", "+31 35 5829018", "http://www.devalk.nl/", "`t Breukeleveense Meentje 6
1231 Loosdrecht
"
"Doeve Yacht & Shipbrokers", "info@doevemakelaar.nl", "+31(0)10-248 9950", "+31(0)10-248 9830", "http://www.doevemakelaar.nl/", "Westhavenkade 87 c
3133 Vlaardingen
"
"De Valk Kiel", "kiel@devalk.nl", "", "+49/171-2312133", "", "Hermann Rennerstrasse 12
22609 Hamburg
"
"Dolman Yachting B.V.", "info@dolmanyachting.nl", "++31 (0)36-522 84 02", "++31 (0)36-522 83 24", "", "Slingerweg 7b
3896L Zeewolde
"
"Dutch Vastgoed Adviseurs", "marcel.coltof@gmail.com", "", "+31/223-865091", "", "Sloestraat 9
1784 Den Helder
"
"Econ Marine GmbH", "vertrieb@econ-marine.de", "", "0049 (0)4030093893", "", "Billbrookdeich 103
22113 Hamburg
"
"ENJOY Yachting Vertriebs GmbH", "info@enjoy-yachting.de", "", "+49/0511-901237300", "", "Immengarten 10
30926 Seelze
"
"Europe Marine GmbH", "thomas.giesel@europe-marine.com", "+49/06139-8098", "+49/06139-9615040", "", "Budenheimer Parkallee 2
55257 Budenheim/Rhein
"
"eSailing", "yachtbroker@esailing.nl", "", "+31/88-2502500", "", "Henri Dunantpark 10
1277B Huizen
"
"FCR Service GmbH", "info@top-sellerz2d.de", "", "+49/89-089413249691", "", "Wolfratshauser Straße 47
82049 Pullach
"
"Flexmarine GmbH", "info@flexmarine.de", "+49/03304-2091322", "+49/03304-2091311", "", "Hafenstraße 24
16761 Hennighsdorf
"
"Flensburger Yacht-Service GmbH & Co. KG", "christoph.volkmann@sonwik.de", "+49 (0)461 177 27-33", "+49 (0)461 177 27-0", "", "Am Industriehafen 4
24937 Flensburg
"
"FLL-Marine GmbH", "marineteck@aol.com", "02173 - 109702-9", "004921731097020", "", "Kieselstrasse 2
51371 Leverkusen
"
"FPHU BEST TOMASZ PADYK EDWARD WASILEWSKI", "biuro@etmarine.pl", "", "+48/42-2080249", "", "Kryształowa, 20
91-52 Łódź
"
"Frankenboote", "info@frankenboote.de", "+49/09383-994360", "+49/09383-994361", "", "Feuerbacher Str.4
97353 Wiesentheid
"
"Frauscher Bootswerft GmbH & Co KG", "Daniel.wegscheider@frauscherboats.com", "", "+43/761-2636550", "", "Betriebspark Ehrenfeld 3
4694 Ohlsdorf
"
"Galtex", "biuro@chill-boat.com", "48 32 201 00 33", "+48 510 520 620", "", "Świdnicka, 25
40-71 Katowice
"
"Gastl Boote", "info@gastl-boote.de", "", "+49/177-4541182", "http://example.com/", "Assenbucher Str. 43
82335 Berg-Leoni
"
"Gebrauchtboote de Maas", "info@jachtmakelaardij-demaas.nl", "", "+31/0418-663236", "", "Jan Klingenweg 3
5335 Alem
"
"Gebäude und Bootsservice Mader", "mader-boot@t-online.de", "+49/03991-632492", "+49/03991-632432", "", "Gievtzerstr.88
17192 Waren(Müritz)
"
"Gino Group", "brokerage@ginogroup.com", "", "+90/252-4120676", "", "Netsel Marina - Marmaris, Sarıana Mahallesi, Musta
48700 Muğla
"
"Given For Yachting", "info@givenfor.it", "", "+39/078-934721", "", "Piazza Quadra, 8
07020 Porto Rotondo
"
"Global Contractors SRL", "blackseasailing@hotmail.com", "", "+40/723-237989", "", "Podului 8
90056 Constanta
"
"Götze Yachts & Boats", "info@yachts-boats.de", "+49/33931-39425", "+49/33931-39424", "", "Berliner Straße 78
16831 Rheinsberg
"
"Grandyachts BV", "info@grandyachts.eu", "", "+31/412-310090", "", "De Lithse Ham 3
5397 Lith
"
"Greg Yachts", "yachtsales@greg-yachts.com", "", "+30/27440-64053", "", "Nikolaou Pattichi Street 26
3071 Limassol
"
"Gründl Bootsimport OHG", "info@gruendl.de", "", "+49/040-55 50 54 - 0", "", "Nordring 1
25474 Bönningstedt
"
"Grünes Projekt GmbH", "alex@vizboat.com", "", "+49/030-34088607", "", "Zabel-Krüger-Damm 26
13469 Berlin
"
"HAAS INTERNATIONAL - The Sailing Yacht Broker", "manfred@haas-international.com", "+41 414 505 531", "+41 414 500 500", "", "Bitzistrasse 13
6055 Alpnach
"
"Hafen Netzener See", "bootshafen@t-online.de", "+49/03382-741949", "+49/03382-741951", "http://gebrauchtbootcenter.de/", "Dorfstraße 62 a / Hafengelände
14797 Nahmitz
"
"HACKER-Bootstechnik", "info@hacker-hootstechnik.de", "+49/2633-200361", "+49/2633-200360", "http://www.hacker-bootstechnik.de/", "Leibnizstraße 3
53498 Bad Breisig
"
"Hallberg-Rassy Deutschland GmbH", "info@hallberg-rassy.de", "", "+49/04561-558648", "", "An der Wiek 7-15
23730 Neustadt
"
"Hanse (Deutschland) Vertriebs GmbH & Co. KG", "info@hanseyachts.de", "", "+49/03834-7755710", "", "Salinenstraße 22
17489 Greifswald
"
"Hansvik Poland", "hanswvik.poland@o2.pl", "", "+48/501081634-501081", "", "Bolesława Chrobrego
73-11 Stargard
"
"Hansen Boot", "bjoern@hansen-boot.de", "", "+49/172-4423652", "", "Callisenstraße 27
24837 Schleswig
"
"Haubold Yachting GmbH", "info@Haubold-Yachting.de", "+49/030-36284468", "+49/030-36284466", "", "Scharfe Lanke 47
13595 Berlin
"
"Hausboot Erlebnis GmbH", "a.molsen@gm=.de", "", "016094664990", "", "Butenhoff 22
24558 Wakendorf II
"
"Hausboot-Hannover.de", "info@hausbhoot-hannover.de", "", "+49/5722-9068740", "", "Ahnser Str. 5
31675 Bückeburg
"
"Hennings Yacht-Vertrieb GmbH", "info@hennings-yachtvertrieb.de", "+49/4961-919219", "+49/4961-91920", "", "An der Alten Werft 1
26871 Papenburg
"
"HERMANOS GUASCH SA", "comercial@ermanosguasch.com", "", "+34/977-820753", "", "Gil Vernet, 35 Pol Ind Les Tàpies I
43890 HOSPITALET DE LINFANT
"
"HR-Yachting", "HR-Yachting@t-online.de", "+49/02825-9393767", "+49/02825-9393760", "", "Wiesengrund 5
47589 Uedem
"
"HT spółka z o.o", "rezerwacje@hthouseboats.com", "", "+48/+48-695 635 293", "", "ul. 6 Marca 2
76-03 Mielno
"
"HW BOOTSCENTER", "verkauf@hw-bootscenter.de", "", "+49/04203-3548", "", "Mittelwendung 39
28844 Weyhe
"
"Hurricane YachtVermittlung / Bootsvermietung Travemünde", "info@hurricane-yachtvermittlung.com", "+49/04502-888 12 88", "+49/0162 / 270 90 51", "", "Vorderreihe 59a
23570 Lübeck-Travemünde
"
"IBYacht", "sales@ibyacht.com", "", "+34/609-332243", "", "Aptdo. 338
07300 Inca
"
"IMPOL Yacht & Bootsimporte", "info@impol-bhoote.de", "", "+491737401145", "http://www.impol-boote.de/", "Adalbert- Stifter-Strasse 49 (Büro)
40699 Erkrath
"
"Inselgarage Beck", "info@insel-garage.de", "+49/07534-399", "+49/07534-92040", "", "Am Vögelisberg 3
78479 Reichenau
"
"Internautica", "grossetot@yachtdiffusion.com", "", "+39/329-7449302", "", "Fronte Porto, 6/7
58100 Marina di Grosseto
"
"J-Tech Sp. z o.o. Sp. K.", "info@jtech-marine.com", "", "+48600004828", "", "Hebanowskiego, 85c, 2
80-76 Gdańsk
"
"J.S.M. X-Treme Fun", "info@seadoo-x.de", "+49/(0)9932-908115", "+49/(0)9932-908116", "", "Kapellenplatz 3
94486 Osterhofen
"
"Jachtbemiddeling Sneekerhof", "info@jachtbemiddelingsneekerhof.nl", "", "+31/566-620058", "", "De Finnen 1
9001 Grou
"
"jata watersport", "info@riomarboote.de", "", "+31/77-3740790", "", "winkelveldstraat 4
5916 VENLO
"
"Jachtmakelaardij Kappers", "info@jachtmakelaardijkappers.nl", "+31(0)168 473 175", "+31(0)168 473 553", "http://www.jachtmakelaardijkappers.nl/", "Sluispad Noord 1
4797 Willemstad
"
"JD Yachts Ltd.", "sales@jdyachts.com", "", "+44 (0) 1305 766 504", "", "80 The Esplanade
DT4 7 Weymouth Dorset
"
"JET-FIRE", "info@jet-fire.de", "+49/4821-65429", "+49/4821-65429", "", "De Vos Str. 19
25524 Itzehoe
"
"Jell Yachthafen", "info@jell.de", "+49/08054-9509818", "+49/08054-7238", "", "Königstr. 47
83254 Breitbrunn
"
"Jonacor Marine", "info@jonacor-marine.ru", "", "+7/812-7024770", "", "Pesochnaya emb.
19702 Saint-Petersburg
"
"Jopp - Boote & Yachten", "info@jopp-boote-yachten.de", "+49 (0)30 365 04 777", "+49 (0)30 365 04 776", "http://jopp-boote-yachten.de/", "Scharfe Lanke 109-131
13595 Berlin
"
"Joyce Marine Europe S.L.", "info@joyce-marine-europe.com", "+34/971 7830-45", "+34/971 7830-46", "", "C. Son Muntaner 56
07013 Palma / Mallorca
"
"JRYachting c/o LIVEcomm GmbH", "Jjuerg.moor@live-comm.ch", "", "+41/79-5901157", "", "Schulstrasse 7
2575 Täuffelen
"
"judel/vrolijk & co - brokerage GmbH", "max@judel-vrolijk.com", "", "+49/471-308811-0", "", "Am Alten Vorhafen 8
27568 Bremerhaven
"
"K-7 yachting", "info@swell.ch", "", "+41/79-2132446", "", "holzmühleweg 20
3303 jegenstorf
"
"Kempf&Kempf Handels-und Beratungsgesellschaft", "kempf@natururlaub-bau.de", "+49/03981-441762", "+49/03981-239315", "", "Glambecker Str. 1
17235 Neustrelitz
"
"Kiebitzberg® GmbH & Co. KG", "info@kiebhitzherg.de", "", "+49/39387-72540", "", "Rathenower Str. 6
39539 Havelberg
"
"Kielwasser GmbH & Co. KG", "oliver@kielwasser-boote.de", "", "+49/3327-7321630", "http://www.kielwasser-boote.de/", "Adolf-Damaschke-Str. 56/58
14542 Werder/Havel
"
"Kirchner & Mares International Yacht Brokerage OHG", "info@kirchner-mares.com", "", "040-605 631 86", "", "Rödingsmarkt 39
20459 Hamburg
"
"Kleine Boote und Zubehör", "info@kleine-boote.de", "+49/04624-800744", "+49/04624-809426", "", "Industriestraße 18
24848 Kropp
"
"Koch Anhängerwerke GmbH & Co KG", "verkauf@kochanhaengerwerke.de", "", "+49/4171-78380", "", "Werner Forßmann Str. 60
21423 Winsen-Luhe
"
"Kolibri Schlauchboote Vertrieb", "info@kolibri-hoote.de", "", "+49/01604502605-0160", "", "Kolibri Schlauchboote Vertrieb
92655 Grafenwöhr
"
"Krüger-Werft AG", "m.ihmels21@boot24.com", "", "+41/71-666 62 00", "", "Ländlistrasse 28
8274 Gottlieben
"
"KUHNLE-TOURS GmbH", "info@mein-boot.eu", "+49/039823-26610", "+49/039823-2660", "", "Hafendorf Müritz
17248 Rechlin
"
"LA MARE HOUSEBOATS", "biuro@lamare.pl", "", "+48/516-005998", "", "PORTOWA 10
85-75 BYDGOSZCZ
"
"Lambert s Floatation Devices", "lambert@kayak-art.com", "", "+49 151 546 123 44", "http://www.kayak-art.com/", "Robert-Bosch-Str. 19
48153 Münster
"
"LAMINATORNIA.PL Sp. z o.o.", "twoja@laminatornia.pl", "", "+48/52-522 55 77", "", "Wojska Polskiego 65
85-82 Bydgoszcz
"
"Lemmer Nautic Jachtmakler", "walter.knopper@lemmernautic.nl", "", "+31/514-564994", "", "Vuurtorenweg 20
8561 Lemmer
"
"Loens Sailingcorner", "Jjan@sailingcorner.com", "+49/163-7200929", "+41/76-3409076", "", "Sonnenstutz 10
7000 Chur
"
"loungeboat.de", "info@loungeboat.de", "", "0711 46913295", "", "Im Unteren Kienle 30
70184 Stuttgart
"
"Liberty Wings Motor Service S.L", "info@libertywingswatersports.es", "", "+34/43860-686059876", "http:", "Puerto de Calafat
43860 Ametlla de Mar
"
"Mallorca Boat Broker S.L.", "sales2@mallorca-boat-broker.com", "", "+34/971-64 80 02", "", "Port Petit, 302
07660 Cala D´Or
"
"Mare Yachting d.o.o.", "charter@mare-yachting.com", "", "+385/91-5207096", "", "Setaliste K. Branimira 1
23210 Biograd
"
"Mare Soleil Yachthandel GmbH", "info@maresoleil.de", "+49/04561-513592", "+49/04561-513590", "", "An der Wiek 7-15
23730 Neustadt in Holstein
"
"Marina & Bootsbetrieb Niederhavel GmbH", "m.scharlach@marina-haushoote.de", "", "+49/3381-7950585", "", "Wiesenweg 13
14776 Brandenburg
"
"MARINA PAPENBERGE", "info@marina-papenberge.de", "", "+49/0172-3011163", "", "Spandauer Landstrastr. 101
16761 Niederneuendorf
"
"MARINA PORT GINESTA SA", "Jaime@marinaportginesta.com", "", "+34/93-6654053", "", "Port Ginesta, local 311
08860 Castelldefels
"
"Marina Yacht Sales Srl", "info@marinayachtsales.it", "", "+39/339-56 72 579", "", "Via Giovanni Marradi 149
57125 Livorno
"
"Marine Project Group", "brokerage@marine-project.com", "", "+34630022873", "", "Port Roda de Bará Edificio Capitanía s/n
43883 Port Roda de Bará
"
"Marine Way Sp. z o.o. Sp.k.", "chebotar.vasyl@valeriia.com.pl", "", "+48/+48-730613131", "", "Mostowa 1
80-77 Gdańsk
"
"Maritiem Service Yerseke BV", "marcel@msyerseke.nl", "", "+31/6-20126795", "", "Molendijkseweg 8
4401 Yerseke
"
"Marleysboote", "info@marleys-hoote.de", "", "+49/162-4435397", "", "Dieselstrasse 10a
47608 Geldern
"
"Mayland-Boote", "karl-friedrich.beckmann@nayland-boote.de", "", "+49/034921-60 525", "", "Lindengasse 4
06901 Kemberg/ OT Bergwitz
"
"Mediabarche", "info@mediabarche.com", "", "+39/05-6545304", "", "via G. Matteotti, 2
57025 Piombino
"
"Michael Schmidt & Partner Yachthandels GmbH", "info@msp-yacht.de", "+49/(0)4101-5155577", "+49/(0)4101-5155566", "", "Rübekamp 5
25421 Pinneberg
"
"Mission-Craft e.K.", "falko.schwulst@ueb.de", "+49/3212 9599801", "+49/2941 8281214", "http://www.mission-craft.de/", "Lambertweg 19
59556 Lippstadt
"
"Mittelmann`s Werft", "yachthandel@mittelmannswerft.de", "", "(+49) 0157-72915210", "", "Am Südhafen 6
24376 Kappeln
"
"MIZU GmbH", "info@mizu.de", "+49/7731-906767", "+49/7731-90670", "", "Weidgang 8-14
78247 Hilzingen
"
"MJJA Sp. z o.o.", "Jjacek.gadulski@mjja.pl", "", "+48/+48-512758871", "", "Majakowskiego
309a/ Poznań
"
"Mola Yachting GmbH", "info@mola.de", "+49/038391-43211", "+49/038391-4320", "", "Boddenweg 1-2
18556 Breege-Rügen
"
"Mm-yachting Mallorca", "info@mm-yachting.com", "", "+34/647-703463", "", "Paseo Maritimo 68
07014 Palma de Mallorca
"
"MS Marine GmbH", "post@ms-marine.de", "+49/09188-3079897", "+49/09188-3079896", "", "Gewerbegebiet Ost 31
92353 Postbauer-Heng
"
"MSK Yacht Broker Internacional", "info@mskyachtbroker.com", "", "+34/965971016-965971", "", "Puerto Marina Salinas. Local 8 B
03181 TORREVIEJA
"
"MS-Boote", "info@ms-boote.de", "+49/02131-511688", "+49/172-5162980", "", "Postweg 19
41564 Kaarst
"
"Muhl-Watersports KG", "info@mastercraft-germany.de", "+49/(0)55 41-98 80 4", "+49/(0)55 41-98 80 1", "", "Prof.-Oelkersstraße 12
34346 Hann. Münden
"
"Mulazzani Trading Company", "info@mulazzanitradingcompany.it", "", "+39/0541-613500", "", "Via Lungodarsena, 50
47843 Portoverde di Misano
"
"Müritz-Yacht-Management e.K.", "info@mueritz-yacht.de", "+49/039823-27083", "+49/039823-27081", "", "Müritzstraße 65
17248 Rechlin
"
"MYS MediYachtShop", "eddyaaa@outlook.fr", "", "+33789339473", "http://www.mediyachtshop.com/", "10 quai d'Octave
83600 Frejus
"
"Naturadom", "arapahma@gmail.com", "", "+48/Wrocław-508 214 ", "", "ul. Postępowa 14b/3
Eur Wrocław
"
"Nauta Yachts Srl", "francescovitale@nautayachts.com", "+39/02-4986792", "+39/02-4814317", "", "C.so Sempione 4
20154 milano
"
"Nautica Blue Sea", "viareggio@yachtdiffusion.com", "+39/-058453517", "+39/333-4580941", "", "Via Bertini, 127/A
55049 Viareggio
"
"Nautica Pennati s.r.l.", "nauticapennati@tin.it", "", "+39/02-39845991", "", "via F.lli Bandiera, 12
20068 Peschiera Borromeo (MI)
"
"NAUTICA PORTOVERDE di MORONCELLI snc", "info@nauticaportoverde.com", "+39/0541-615047", "+39/0541-615047", "", "via Lungo Darsena 59
47843 Misano Adriatico Portoverde
"
"Nautica Zabeo Mare SRL", "nauticazabeo@gmail.com", "", "+39/041-931559", "", "colombara 125
30175 marghera
"
"NAUTICO d.o.o.", "sales@nautico.hr", "+385/52-75 80 40", "+385/52-75 80 80", "", "Bužinija 32 a
52466 Novigrad
"
"nauticservices", "nauticservices@nauticservices.es", "", "+34678690856", "", "R.C.N. Valencia Local 14, Camino del canal, 91
46024 Valencia
"
"Nautigamma S.a.s. di Dal Mas Antonio & C.", "s.magrini@nautigamma.com", "+39/0431-73442", "+39/0431-53290", "", "Via Monte Ortigara, 3 - Marina Punta Faro
33054 Lignano Sabbiadoro (Udine)
"
"NAUTIKLASS SAS", "info@nautiklass.it", "", "+39/0431-969226", "", "via Trieste 19/A
33059 VILLA VICENTINA
"
"Nautilus Hausboote GmbH", "info@nautilus-haushoote.de", "+49/030-7224978", "+49/030-24355587", "", "Grünauer Str. 57
12557 Berlin
"
"Nav System srl", "info@navsystem.ws", "", "+39/366-1634071", "", "via della Laguna 129
33056 PALAZZOLO DELLO STELLA
"
"NAVIGO Boats, Yachts & Yachting", "zbigniew@nawvigobyy.com", "", "+48/58-719 39 09", "", "Jankiela 9
80-11 Gdańsk
"
"Nomadream", "info-de@nomadream.com", "", "+48 501 086 576", "", "Ul. Wolska 38
90-51 Aleksandrów Łódzki
"
"Nordic Yachting e.K.", "info@nordic-yachting.com", "", "+49/4561-7149933", "", "An der Wiek 7-15
23730 Neustadt i.H.
"
"Norpol Yachting sp. z o.o.", "info@norpol-yachting.com", "+48/12-4220301", "+48/12-4220301", "", "ul. Szlak 50/115
31153 Kraków
"
"Offshore Powerboats Limited", "enquiries@offshorepowerboats.co.uk", "", "+44/1590-677955", "", "Lymington Yacht Haven, King's Saltern Road
SO41 Lymington, Hampshire
"
"North - Yachting Kürten GmbH", "ursula.kuerten@north-yachting.de", "", "+49/04367-999922", "", "Am Kai 25a
23775 Großenbrode
"
"Orange Yachting", "info@orangeyachting.nl", "", "+31/6-24805175", "", "Jachthaven 1
2172J Sassenheim
"
"OFO sp. zo.o.", "fojucik@ofo.pl", "", "+48/052-3837382", "", "Zalesie Barcińskie 29
88-19 Piechcin
"
"Outboard Occasions", "info@tweedehands-buitenboordmotoren.nl", "", "+31/6-20481127", "", "De Feart 19
9247C Ureterp
"
"Panta Rhei Brokerage", "info@panta-rhei-brokerage.nl", "", "+31/6-55392037", "http://www.panta-rhei-brokerage.nl/", "Grote Kerkstraat 39
8911 Leeuwarden
"
"Paolo Carasso", "paolo-carasso@libero.it", "", "+39/3483424020-34834", "", "l.go G.Raganato 10
00119 Roma
"
"Patrizia Reschreiter", "m.reschreiter@gmx.at", "", "+43/664-3362726", "", "Lindenthal 147
5441 Abtenau
"
"De Valk Monnickendam B.V.", "monnickendam@devalk.nl", "+31(0)299 656 341", "+31(0)299 656 350", "http://www.devalk.nl/", "Hoogdijk 6
1145 Katwoude
"
"Pedro-Boat Zuidbroek", "sales@pedro-hoat.nl", "+31598451763", "+31/598-451763", "", "W.A.Schotenweg 94
9636 Zuidbroek
"
"PerMare di Alberto Strini", "alberto.strini@permare.net", "", "+39/334-1583239", "", "via delle orcadi 1
00121 ROMA
"
"Performance RIBs GmbH", "info@performance-ribs.de", "+49/07531-94169-91", "+49/07531-94169-90", "", "Claude-Dornier-Sraße 20
78467 Konstanz
"
"Philipoinvest S.L.", "info@philipoinvest.com", "+34/971-446328", "+34/971-446331", "", "Calle Roses s/n
07600 El Arenal
"
"Pischel Bootsbau GmbH & Co. KG", "info@ribline.de", "+49/02241-1654668", "+49/02241-1657273", "", "Redcarstrasse 44a
53842 Troisdorf/ Spich
"
"Pitter GesmbH", "lisa@pitter-yachting.com", "+43/03332-66 240 4", "+43/03332-66 240 21", "", "Raimund-Obendrauf-Straße 30
8230 Hartberg
"
"PG-INTERTARDE-GEMANY e.K.", "egs-center@t-online.de", "+493815192795", "+493815192786", "", "Am Strom 66
18119 Rostock
"
"POLLINI SRL", "info@pollininautica.it", "", "+39/0365-671007", "", "Via Pergola
25080 Moniga del Garda
"
"Plentz-Fahrzeughandel", "fhegp_de@yahoo.de", "", "+49/03301-4260581", "", "Berliner Str. 109E
16515 Oranienburg
"
"PPHU DALPOL Palion Tomasz", "biuro@dalpolyacht.pl", "", "+48/506 146 276-5061", "", "Harcerska 20
41-10 Siemianowice Śląskie
"
"PPU EKOWENT Sp. Zo.o.", "rafal@uhiteeagle.vip", "", "+48/42-6407770", "http://www.whiteeagle.vip/", "Pojezierska 97
91-34 Łódź
"
"premium boating - Eismann GmbH", "info@premiumboating.de", "", "+49/30-60938494", "", "Schiffbauergasse 8
14467 Potsdam
"
"Premium Plan", "majda.forstner@remium-plan.de", "+49/9129-29 39 643", "+49/9129-29 39 644", "", "Mozartstr. 15
90530 Wendelstein
"
"PRIMA BARCOS SLU", "info@primaboats.com", "", "+34/34-609603005", "", "AV. GABRIEL ROCA, 1 LOCAL 13
07157 PUERTO ANDRATX
"
"Proyachting - Ing. Klaus Freiberger", "verkauf@proyachting.at", "+43/2622-258449", "+43/2622-81504", "", "Johannes Gutenberg Strasse 5
A-270 Wr. Neustadt
"
"Rausch Automobie", "e.rausch@rausch-automobile.de", "+49/00-02691-3702", "+49/00-02691-2142", "", "Hauptstraße 05-07
53518 Adenau
"
"Ribcenter GmbH", "post@ribcenter24.com", "+49/6236-399552", "+49/6236-399551", "http://www.ribcenter24.com/", "Am Sandzug 4
67122 Ludwigshafen - Altrip
"
"RIB BOATS & CUSTOM YACHT TENDER", "info@scanner-marine.com", "+39/0321-83 89 65", "+39/0321-83 89 73", "", "Via Gautieri 19
28060 Casalbeltrame
"
"Rohrspitz Yachting Salzmann e.U.", "rohrspitz@salzmann.at", "+43/5578-75708-6", "+43/5578-75708", "", "Rohr 1
6972 Fussach
"
"RS Reisemobile", "info@rs-reisemobile.de", "", "0208-62800801", "", "Kölner Str. 147-155
45481 Mülheim
"
"Rondom de Boot", "info@east-hoats.com", "", "+31/0-646699175", "", "Nijverheidslaan 30C
1382L Weesp
"
"RWN Yacht- und Holzmanufaktur GmbH & Co KG", "kontakt@classic-yachten.de", "+49/2153-1398 233", "+49/2153-1398 499", "http://www.classic-yachten.de/", "Van-der-Upwich Straße 38
41334 Nettetal
"
"S&A Yachts GmbH & Co. KG", "info@sa-yachts.de", "+49/69-505 064 397", "+49/69-505 064 395", "", "Sebastian-Kneipp-Straße 41
60439 Frankfurt am Main
"
"SAGGRA Sp. z o.o.", "office@sunhunter-yachts.com", "", "+48/061-2866071", "", "Wolica Pusta 1a
63040 Nowe Miasto nad Wartą
"
"sailpark", "Info@sailpark.de", "+49/007229-18493999", "+49/07229-18493911", "", "Am Hecklehamm 1a
76549 Hügelsheim
"
"SC Joker Jetski SRL", "cristian.ciobanu@total-gsm.ro", "", "+40/0722-323131", "", "Aleea Egretei, nr 1
90000 Constanta
"
"Scheepsmakelaardij Goliath", "jan3@scheepsmakelaardijgoliath.nl", "+31/(0)515-560410", "+31/(0)515-560410", "", "Hendrik Bulthuisweg 2
8606 Sneek
"
"Schiffswerft Laboe GmbH & Co. KG", "info@schiffswerftlaboe.de", "+49/4343-4211-99", "+49/4343-4211-0", "", "Börn 17
24235 Laboe
"
"Schmidt Yachts", "claudia@schmidt-yachts.de", "+49/04365-9789362", "+49/04365-9789362", "", "Satjewitz 2d
23779 Neukirchen
"
"Schlei-Yachting", "info@schlei-yachting.de", "", "+49/17610301208", "", "Grimsfeld 3
24376 Kappeln
"
"SEA CUSTOM SL", "info@olaboats.com", "", "+34/xxx-xxxxxxxx", "", "IBIZA
07800 IBIZA
"
"SDV Mischker", "mario@mischker.com", "+49/3381-229908", "+49/3381-229906", "", "Sankt Petri 6
14776 Brandenburg
"
"Sea Power Srl", "andrea.girolimetti@seapower.it", "", "+39/071-977875", "", "via barca
60025 Loreto
"
"Sealion Yachts", "info@sealionyachts.nl", "", "+31/(0)6-17005399", "", "Menorcalaan 23
3059X Rotterdam
"
"Seaways Yachting", "info@seaways-yachting.com", "", "+33/492-93 15 69", "", "71 avenue des Frères Roustan
06220 Golfe Juan
"
"SEEBO HANDEL GMBH BREMEN", "leifseebo@seebo-bremen.de", "0049/(0)421-6599911", "+49/(0)421-6599910", "", "SCHÜTZENPLATZ 10
28790 Schwanewede bei Bremen
"
"Segler Service Center", "info@segler-service-center.de", "", "+7/0 91 28-41 24", "", "Gsteinacher Str. 7-9
90537 Feucht
"
"Segel Masten Yachten", "chacewicz@aol.com", "+49/421-4216900287", "+49/421-6900286e Flä", "", "Lussumer Str 35
28779 Bremen
"
"selveco sp. z o.o.", "pawel@selveco.com", "", "+48665655655", "", "Wrocławska 5a
55-02 Wojkowice
"
"Serry, Jachtwerf & Jachtmakelaardij", "info@serry.com", "", "+31(0)35 582 3404", "http://www.serry.com/", "Oud-Loosdrechtsedijk 249 A-D
1231 Loosdrecht
"
"Service Time di Susi Faggiani", "info@susifaggaini.com", "+39/0431-522007", "+39/347-3243292", "", "Via dei Coralli 74
33053 Aprilia Marittima
"
"Shore Marine Cala d´Or S.L", "sales@shore-marine.com", "", "+49/1726695724-+4917", "", "Puerto deportivo marina Cala d´Or
07660 Santanyi
"
"ship shop Edersee", "hennig-edersee@t-online.de", "+49/05623-2597", "+49/05623-4445", "", "Die Breite 20
34549 Edertal
"
"Shipcar Yachts", "info@shipcaryachts.nl", "", "+31/(0)297-321 290", "", "Kudelstaartseweg 226
1433G Kudelstaart
"
"Siciliamare - SYS srl", "siciliamare@siciliamare.it", "", "+39/090-692344", "", "Via Lodi 6
98124 Messina
"
"Siegel Auto + Boot", "siegel@siegel-boote.de", "+49/(0) 22 61-81 59 ", "+49/(0) 22 61-81 59 ", "", "Stauweiher 5
51645 Gummersbach
"
"Siroco Nautica", "hugo.rodrigues@siroco-nautica.pt", "", "+351/969-849242", "", "Edificio Goncalves Zarco, Loja 8, Doca de Alcantar
PT-13 Lisboa
"
"SKEIRON", "biuro@skeiron.pl", "", "+48/058-622 14 44", "", "Chopina 3
81-40 Gdynia
"
"SKYBOAT", "info@sky-boat.pl", "+48 58 662 36 39", "+48 58 662 36 38", "", "Al. Jana Pawla II 11
81-34 Gdynia
"
"SOLNA BOATS", "info@solnaboats.pl", "", "+48/728-878410", "", "Warzelnicza 1
78-10 Kolobrzeg
"
"Spedycja i Transport Acropol", "damian.haras@acropol.pl", "", "+48/48-518058746", "", "chopina 23
62-80 Kalisz
"
"SPORT-HOBBY Ziegelowski GmbH & Co. KG", "info@sport-hobby.com", "+49/6428-446483", "+49/6428-6057206", "", "Kronring 52
35260 Stadtallendorf
"
"Sportboote Bekemeier", "karsten.bekemeier@t-online.de", "", "+49/571-3882664", "", "Tenorgasse 8
32423 Minden
"
"Sportboote-SH-Süd", "info@sporthoote-sh-sued.de", "+49/07542-9794602", "+49/07542-9794600", "", "Kaltenbergerstraße 39
88069 Tettnang
"
"Sportwerft.de | e.K.", "Jjan.steinmeyer@sportwerft.de", "+49/40-429 457 58", "+49/40-429 457 57", "", "Am Kaiserkai 69
20457 Hamburg
"
"Steinkämper GbR", "info@mini-cat.de", "", "+49/174-6885139", "", "Leberstr.13
44287 Dortmund
"
"Süd-West Marine GmbH... powered by competence", "info@suedwestmarine.de", "+49/07229-186799", "+49/07229-186790", "http://www.suedwestmarine.de/", "Am Hecklehamm 12
76549 Hügelsheim
"
"Sun Marine Wassersport", "agnieszka.cebula@sun-marine.de", "+49/02389-5395281", "+49/02389-5395261", "", "Gewerbestraße 43
59192 Bergkamen
"
"Sunny Yachthandel", "info@gebrauchtbootmarkt.de", "0208-473330", "0208-473300", "", "Ruhrorter Straße 126
45478 Mülheim Ruhr
"
"Sunrise Marine Srl", "info@sunrisemarine.eu", "", "+39/0185-044781", "", "Porto Turistico di Lavagna, 47
16033 Lavagna
"
"Sunseeker Switzerland", "m.ihmels22@boot24.com", "", "+41/716-666 200", "", "Ländlistrasse 28
8274 Gottlieben
"
"SVK Marine Consulting", "stefan@klebelsberg.de", "", "+49 171 457 1823", "", "Am Hang 8
88147 Achberg
"
"TES YACHT SP. Z O.O.", "marcin.slusarz@tes-yacht.pl", "", "+48/48-793444556", "", "STEFANA BATOREGO 7 /40
81-36 GDYNIA
"
"Timone Yachts", "rrossi@timoneyachts.it", "", "+39/335-292 129", "", "Via Monte Ortigara, 3/h
33054 Lignano Sabbiadoro
"
"TGA Team Kft.", "info@tgateam.eu", "", "+36/1-3467190/357", "", "Bojtár utca 58-62.
1037 Budapest
"
"TopYacht Handels- und Service GmbH", "info@topyacht.eu", "+43 732 770581 9", "+43 732 770581 37", "", "Ignaz-Mayer-Str 10
4020 Linz
"
"Tokon GmbH & Co. KG", "vertrieb@tokon.de", "+49/ 039931-52699", "+49/ 039931-52697", "http://www.tokon-boote.de/verkauf-boote.html", "Warener Str. 20
17209 Sietow
"
"Treffpunkt Boot", "info@treffpunkt-boot.de", "", "01785886935", "", "Budenheimer Parkallee 3
55257 Budenheim
"
"Union Yachts Broker", "uyb@unionyachtsbroker.com", "", "+39/0185-314021", "", "Porto Turistico di Lavagna, Box n° 51
16033 Lavagna
"
"V Marine Brokerage & Charter", "sales@vmarine.eu", "", "+39 019 9399388", "http://www.vmarinebc.eu/", "HQs: France - Cannes ; Italy - Varazze
17019 Varazze
"
"Valbroker", "info@valbroker.com", "", "+39/0323-408348", "", "Via quarantadue martiri 165
28924 Verbania
"
"VEGA-motor", "info@carbonic.de", "", "0391 2589 3566", "", "Nachtweide 99
39124 Magdeburg
"
"Venatus Boats GmbH", "info@venatus-hoats.de", "", "+49/0521-20 00 61", "", "Elpke 110-112
33605 Bielefeld
"
"VISSCHER YACHTING B.V.", "info@visscher-jachtbouw.nl", "", "+31/6-54354870", "", "Hooilanden 4
8531 Lemmer
"
"Viking Regina Gryszpińska Produkcja Łodzi", "magda@vikinglodzie.pl", "", "+48/0-533425001", "", "Warszawska 56, 56
46-08 Stare Siołkowice
"
"VesselAuction BV", "info@bootveiling.com", "", "+31/35-5449675", "", "Rubberstraat 9
1411 NAARDEN - Netherlands
"
"VMG Marine GmbH", "service@umgmarine.de", "", "+49/40-45060784", "", "Eppendorfer Weg 186
20253 Hamburg
"
"Vrtinc Navtika d.o.o.", "bostjan@urtinc.si", "+386/41-276049", "+386/41-699325", "", "Brdnikova 20
1000 Ljubljana
"
"Warnowmarin", "baum@uarnowmarin.de", "+49/0381-70066589", "+49/0381-666 102 33", "", "Am Hechtgraben 5
18147 Rostock
"
"Wassersport Keckeis GmbH", "info@Keckeis.de", "", "+49/07733-9484910", "", "Hohenkräher Brühl 7
78259 Mühlhausen-Ehingen
"
"Wassersportcenter Rheinsberg", "bbwassersportc.rhbg@gmx.de", "033931/80889", "+49/033931-39383", "http://www.wassersportcenter-rheinsberg.de/", "Dr.-Martin-Henning-Str. 9
16831 Rheinsberg
"
"WasserSportCenter Hopp GmbH", "info@wasser-sport-center.de", "+49/02161-8499702", "+49/02161-8499700", "", "Dohrweg 21
41066 Mönchengladbach
"
"WATERBUS S.C JERZY BAJRON,MACIEJ MALINOWSKI", "waterbus@up.pl", "", "+48 604575905", "", "NOWA WIEŚ 9
0587 BŁONIE
"
"Wassersportzentrum -Levern", "info@uassersport-levern.de", "", "+49/5745-300054", "", "Hinterm Teich 2
32351 Stemwede - Levern
"
"Werderaner Yachthandel GmbH", "info@werderaneryachthandel.de", "+49/3327-570033", "+49/151-11521382", "", "Otto-Lilienthal-Straße 16-18
14542 Werder (Havel)
"
"White Whale Yachtbrokers", "iNnfo@uuy.nl", "", "+31/168-820 208", "http://www.uwjachtmakelaar.nl/", "Lantaarndijk 8
4797 Willemstad
"
"Whites International Yachts", "info@whitesyachts.com", "+34/971-673968", "+34/971-673555", "", "Ed. San Marino L3, Avda Gabriel Roca 24
07157 Puerto Andratx, Mallorca
"
"Wohnwagen & Freizeitmobile Nico Böhm", "info@reisemobile-boehm.de", "", "+49/35205-45733", "http://www.boot-discount-dresden.de/", "Schutterwälder Str. 4
01458 Ottendorf-Okrilla
"
"Xboat", "contact@xboat.fr", "", "+33467571413", "", "29 bd de la ferrage
06400 Cannes
"
"Yacht Center Aprilia", "yachtcenteraprilia@live.it", "", "(0039) 334 - 2728515", "", "Piazzetta del Imbarcadero n. 6
33050 Aprilia Marittima di Latisana
"
"Yacht Diffusion FVG - Veneto", "Im@yachtdiffusion.com", "+39/-0434677237", "+39/338-5269951", "", "Calle dei Marion 10
33081 Castello di Aviano
"
"Yacht Partner", "biuro@yachtpartner.pl", "", "+48/0048-728 553 275", "", "Obwodowa 3
11-50 Giżycko
"
"Yacht Zentrum am Prerauer Stich GmbH", "ralph.weilt@yacht-zentrum.de", "", "+49 (0)33-07 421 80 ", "", "Waldstrasse 10
16792 Zehdenick
"
"Yacht und Technik GmbH", "yacht-technik@t-online.de", "+49/8667-8769991", "+49/8667-8769990", "", "Pullacher Str. 10
83358 Seebruck
"
"Yacht-Center GmbH", "info@yacht-center.de", "+49/621-33 800 – 38", "+49/621-33 800 – 31", "", "Christian-Friedrich-Schwan-Str. 14
68167 Mannheim
"
"Yachthalle.de UG (haftungsbeschränkt) & Co.KG", "info@zarformenti.de", "", "+49/4421-993343", "", "Neuengrodendeich 10 C
26386 Wilhelmshaven
"
"Yachthandel Ostsee", "yacht-ostsee@ueb.de", "", "+49/04371-5982", "", "Holunderweg 3
23769 Burg
"
"Yachthandel Hamburg", "info@etap-hh.de", "", "04107/90 76 00", "", "Jakobsrade 38-40
22962 Siek
"
"Yachthandelnord", "bruhn@yachthandelnord.de", "", "+49/461-9001283", "", "Rude 38
24941 Flensburg
"
"Yachting Company Muiderzand", "info@yachtingcompany.nl", "+31/36-5369123", "+31/36-5369369", "", "Marinaweg 8
1361A Almere
"
"Yachtside", "p.chadel@yachtsidemonaco.com", "", "+377/92-055423", "", "MONACO, 20 Av de Fontvieille
98000 Monaco
"
"YACHTMAKLER Bremen", "info@yachtmakler-bremen.de", "", "+49/174-3353353", "", "Hemelinger Hafendamm 20
28309 Bremen
"
"Yachting2000", "marina@yachting2000.at", "", "+43/7234-84545", "", "Am Steinberg 8
4112 Rottenegg
"
"Yachtsport Eckernförde", "infoQyse.de", "+49/04351-752735", "+49/04351-752734", "", "Vogelsang 20
24340 Eckernförde
"
"YachtStudio", "yachtstudiol@gmail.com", "", "+39/348-1571662", "", "Via dell'Arte 85
00100 Roma
"
"YachtSynergy", "info@yachtsynergy.it", "+39/056-4830235", "+39/056-4830234", "", "Marina Calagalera, 25
58018 Porto Ercole
"
"Ziegelmayer Handelsgesellschaft mbH", "info@sail-laser.de", "", "040 31813001", "", "Kaemmererufer 24
22303 Hamburg
"
"Yate Ocasion", "info@yateocasion.com", "", "0034.625214460", "", "Rambla 4
07609 Son veri nou
"
"zetesboat", "royalribsitaly@gmail.com", "", "+39/3921675877-39216", "", "fraz. Cevo
23010 Civo
"
